{"cameraMode":{"drawMode":0,"name":"Shaded","section":"Shading Mode"},"sceneLighting":true,"audioPlay":false,"sceneViewState":{"m_AlwaysRefresh":false,"showFog":true,"showSkybox":true,"showFlares":true,"showImageEffects":true,"showParticleSystems":true,"showVisualEffectGraphs":true,"m_FxEnabled":true},"in2DMode":false,"pivot":{"x":-9.996042251586914,"y":1.3337907791137696,"z":20.598520278930665},"rotation":{"x":0.20254354178905488,"y":0.14917081594467164,"z":-0.03122875466942787,"w":0.9673483967781067},"size":32.287391662597659,"orthographic":true}