{"cameraMode":{"drawMode":0,"name":"Shaded","section":"Shading Mode"},"sceneLighting":true,"audioPlay":false,"sceneViewState":{"m_AlwaysRefresh":false,"showFog":true,"showSkybox":true,"showFlares":true,"showImageEffects":true,"showParticleSystems":true,"showVisualEffectGraphs":true,"m_FxEnabled":true},"in2DMode":false,"pivot":{"x":-0.03320872783660889,"y":1.4940099716186524,"z":0.02033466100692749},"rotation":{"x":0.452768474817276,"y":0.27728357911109927,"z":-0.15054534375667573,"w":0.8339364528656006},"size":29.41469383239746,"orthographic":true}