{"cameraMode":{"drawMode":0,"name":"Shaded","section":"Shading Mode"},"sceneLighting":true,"audioPlay":false,"sceneViewState":{"m_AlwaysRefresh":false,"showFog":true,"showSkybox":true,"showFlares":true,"showImageEffects":true,"showParticleSystems":true,"showVisualEffectGraphs":true,"m_FxEnabled":true},"in2DMode":false,"pivot":{"x":0.4589325487613678,"y":-0.0000014851877949695336,"z":12.458658218383789},"rotation":{"x":0.030442092567682267,"y":-0.9275996685028076,"z":0.07753980904817581,"w":0.3641766607761383},"size":20.8272647857666,"orthographic":true}